Date,Text,Media URLs
2026-06-08 09:00,Your path is written in the stars. Book your reading today. Link in bio. #psychic #medium #tarotreading #spiritualawakening #spiritguides #psychicreading #tarot #spiritual #divination #manifestation,https://github.com/michaeladane13-dotcom/aiviq-june-media/releases/download/june2026/chaya_042.mp4
2026-06-08 18:00,Your path is written in the stars. Book your reading today. Link in bio. #psychic #medium #tarotreading #spiritualawakening #spiritguides #psychicreading #tarot #spiritual #divination #manifestation,https://github.com/michaeladane13-dotcom/aiviq-june-media/releases/download/june2026/chaya_045.mp4
2026-06-09 09:00,Your path is written in the stars. Book your reading today. Link in bio. #psychic #medium #tarotreading #spiritualawakening #spiritguides #psychicreading #tarot #spiritual #divination #manifestation,https://github.com/michaeladane13-dotcom/aiviq-june-media/releases/download/june2026/chaya_048.mp4
2026-06-09 18:00,Your path is written in the stars. Book your reading today. Link in bio. #psychic #medium #tarotreading #spiritualawakening #spiritguides #psychicreading #tarot #spiritual #divination #manifestation,https://github.com/michaeladane13-dotcom/aiviq-june-media/releases/download/june2026/chaya_051.mp4
2026-06-10 09:00,Your path is written in the stars. Book your reading today. Link in bio. #psychic #medium #tarotreading #spiritualawakening #spiritguides #psychicreading #tarot #spiritual #divination #manifestation,https://github.com/michaeladane13-dotcom/aiviq-june-media/releases/download/june2026/chaya_054.mp4
2026-06-10 18:00,Your path is written in the stars. Book your reading today. Link in bio. #psychic #medium #tarotreading #spiritualawakening #spiritguides #psychicreading #tarot #spiritual #divination #manifestation,https://github.com/michaeladane13-dotcom/aiviq-june-media/releases/download/june2026/chaya_057.mp4
2026-06-11 09:00,Your path is written in the stars. Book your reading today. Link in bio. #psychic #medium #tarotreading #spiritualawakening #spiritguides #psychicreading #tarot #spiritual #divination #manifestation,https://github.com/michaeladane13-dotcom/aiviq-june-media/releases/download/june2026/chaya_060.mp4
2026-06-11 18:00,Your path is written in the stars. Book your reading today. Link in bio. #psychic #medium #tarotreading #spiritualawakening #spiritguides #psychicreading #tarot #spiritual #divination #manifestation,https://github.com/michaeladane13-dotcom/aiviq-june-media/releases/download/june2026/chaya_063.mp4
2026-06-12 09:00,Your path is written in the stars. Book your reading today. Link in bio. #psychic #medium #tarotreading #spiritualawakening #spiritguides #psychicreading #tarot #spiritual #divination #manifestation,https://github.com/michaeladane13-dotcom/aiviq-june-media/releases/download/june2026/chaya_066.mp4
2026-06-12 18:00,Your path is written in the stars. Book your reading today. Link in bio. #psychic #medium #tarotreading #spiritualawakening #spiritguides #psychicreading #tarot #spiritual #divination #manifestation,https://github.com/michaeladane13-dotcom/aiviq-june-media/releases/download/june2026/chaya_069.mp4
2026-06-13 09:00,Your path is written in the stars. Book your reading today. Link in bio. #psychic #medium #tarotreading #spiritualawakening #spiritguides #psychicreading #tarot #spiritual #divination #manifestation,https://github.com/michaeladane13-dotcom/aiviq-june-media/releases/download/june2026/chaya_072.mp4
2026-06-13 18:00,Your path is written in the stars. Book your reading today. Link in bio. #psychic #medium #tarotreading #spiritualawakening #spiritguides #psychicreading #tarot #spiritual #divination #manifestation,https://github.com/michaeladane13-dotcom/aiviq-june-media/releases/download/june2026/chaya_075.mp4
2026-06-14 09:00,Your path is written in the stars. Book your reading today. Link in bio. #psychic #medium #tarotreading #spiritualawakening #spiritguides #psychicreading #tarot #spiritual #divination #manifestation,https://github.com/michaeladane13-dotcom/aiviq-june-media/releases/download/june2026/chaya_078.mp4
2026-06-14 18:00,Your path is written in the stars. Book your reading today. Link in bio. #psychic #medium #tarotreading #spiritualawakening #spiritguides #psychicreading #tarot #spiritual #divination #manifestation,https://github.com/michaeladane13-dotcom/aiviq-june-media/releases/download/june2026/chaya_081.mp4
2026-06-15 09:00,Your path is written in the stars. Book your reading today. Link in bio. #psychic #medium #tarotreading #spiritualawakening #spiritguides #psychicreading #tarot #spiritual #divination #manifestation,https://github.com/michaeladane13-dotcom/aiviq-june-media/releases/download/june2026/chaya_084.mp4
2026-06-15 18:00,Your path is written in the stars. Book your reading today. Link in bio. #psychic #medium #tarotreading #spiritualawakening #spiritguides #psychicreading #tarot #spiritual #divination #manifestation,https://github.com/michaeladane13-dotcom/aiviq-june-media/releases/download/june2026/chaya_087.mp4
2026-06-16 09:00,Your path is written in the stars. Book your reading today. Link in bio. #psychic #medium #tarotreading #spiritualawakening #spiritguides #psychicreading #tarot #spiritual #divination #manifestation,https://github.com/michaeladane13-dotcom/aiviq-june-media/releases/download/june2026/chaya_090.mp4
2026-06-16 18:00,Your path is written in the stars. Book your reading today. Link in bio. #psychic #medium #tarotreading #spiritualawakening #spiritguides #psychicreading #tarot #spiritual #divination #manifestation,https://github.com/michaeladane13-dotcom/aiviq-june-media/releases/download/june2026/chaya_093.mp4
2026-06-17 09:00,Your path is written in the stars. Book your reading today. Link in bio. #psychic #medium #tarotreading #spiritualawakening #spiritguides #psychicreading #tarot #spiritual #divination #manifestation,https://github.com/michaeladane13-dotcom/aiviq-june-media/releases/download/june2026/chaya_096.mp4
2026-06-17 18:00,Your path is written in the stars. Book your reading today. Link in bio. #psychic #medium #tarotreading #spiritualawakening #spiritguides #psychicreading #tarot #spiritual #divination #manifestation,https://github.com/michaeladane13-dotcom/aiviq-june-media/releases/download/june2026/chaya_099.mp4
2026-06-18 09:00,Your path is written in the stars. Book your reading today. Link in bio. #psychic #medium #tarotreading #spiritualawakening #spiritguides #psychicreading #tarot #spiritual #divination #manifestation,https://github.com/michaeladane13-dotcom/aiviq-june-media/releases/download/june2026/chaya_102.mp4
2026-06-18 18:00,Your path is written in the stars. Book your reading today. Link in bio. #psychic #medium #tarotreading #spiritualawakening #spiritguides #psychicreading #tarot #spiritual #divination #manifestation,https://github.com/michaeladane13-dotcom/aiviq-june-media/releases/download/june2026/chaya_105.mp4
2026-06-19 09:00,Your path is written in the stars. Book your reading today. Link in bio. #psychic #medium #tarotreading #spiritualawakening #spiritguides #psychicreading #tarot #spiritual #divination #manifestation,https://github.com/michaeladane13-dotcom/aiviq-june-media/releases/download/june2026/chaya_108.mp4
2026-06-19 18:00,Your path is written in the stars. Book your reading today. Link in bio. #psychic #medium #tarotreading #spiritualawakening #spiritguides #psychicreading #tarot #spiritual #divination #manifestation,https://github.com/michaeladane13-dotcom/aiviq-june-media/releases/download/june2026/chaya_111.mp4
2026-06-20 09:00,Your path is written in the stars. Book your reading today. Link in bio. #psychic #medium #tarotreading #spiritualawakening #spiritguides #psychicreading #tarot #spiritual #divination #manifestation,https://github.com/michaeladane13-dotcom/aiviq-june-media/releases/download/june2026/chaya_114.mp4
2026-06-20 18:00,Your path is written in the stars. Book your reading today. Link in bio. #psychic #medium #tarotreading #spiritualawakening #spiritguides #psychicreading #tarot #spiritual #divination #manifestation,https://github.com/michaeladane13-dotcom/aiviq-june-media/releases/download/june2026/chaya_117.mp4
2026-06-21 09:00,Your path is written in the stars. Book your reading today. Link in bio. #psychic #medium #tarotreading #spiritualawakening #spiritguides #psychicreading #tarot #spiritual #divination #manifestation,https://github.com/michaeladane13-dotcom/aiviq-june-media/releases/download/june2026/chaya_120.mp4
2026-06-21 18:00,Your path is written in the stars. Book your reading today. Link in bio. #psychic #medium #tarotreading #spiritualawakening #spiritguides #psychicreading #tarot #spiritual #divination #manifestation,https://github.com/michaeladane13-dotcom/aiviq-june-media/releases/download/june2026/chaya_123.mp4
2026-06-22 09:00,Your path is written in the stars. Book your reading today. Link in bio. #psychic #medium #tarotreading #spiritualawakening #spiritguides #psychicreading #tarot #spiritual #divination #manifestation,https://github.com/michaeladane13-dotcom/aiviq-june-media/releases/download/june2026/chaya_126.mp4
2026-06-22 18:00,Your path is written in the stars. Book your reading today. Link in bio. #psychic #medium #tarotreading #spiritualawakening #spiritguides #psychicreading #tarot #spiritual #divination #manifestation,https://github.com/michaeladane13-dotcom/aiviq-june-media/releases/download/june2026/chaya_129.mp4
2026-06-23 09:00,Your path is written in the stars. Book your reading today. Link in bio. #psychic #medium #tarotreading #spiritualawakening #spiritguides #psychicreading #tarot #spiritual #divination #manifestation,https://github.com/michaeladane13-dotcom/aiviq-june-media/releases/download/june2026/chaya_132.mp4
2026-06-23 18:00,Your path is written in the stars. Book your reading today. Link in bio. #psychic #medium #tarotreading #spiritualawakening #spiritguides #psychicreading #tarot #spiritual #divination #manifestation,https://github.com/michaeladane13-dotcom/aiviq-june-media/releases/download/june2026/chaya_135.mp4
2026-06-24 09:00,Your path is written in the stars. Book your reading today. Link in bio. #psychic #medium #tarotreading #spiritualawakening #spiritguides #psychicreading #tarot #spiritual #divination #manifestation,https://github.com/michaeladane13-dotcom/aiviq-june-media/releases/download/june2026/chaya_137.mp4
2026-06-24 18:00,Your path is written in the stars. Book your reading today. Link in bio. #psychic #medium #tarotreading #spiritualawakening #spiritguides #psychicreading #tarot #spiritual #divination #manifestation,https://github.com/michaeladane13-dotcom/aiviq-june-media/releases/download/june2026/chaya_139.mp4
2026-06-25 09:00,Your path is written in the stars. Book your reading today. Link in bio. #psychic #medium #tarotreading #spiritualawakening #spiritguides #psychicreading #tarot #spiritual #divination #manifestation,https://github.com/michaeladane13-dotcom/aiviq-june-media/releases/download/june2026/chaya_141.mp4
2026-06-25 18:00,Your path is written in the stars. Book your reading today. Link in bio. #psychic #medium #tarotreading #spiritualawakening #spiritguides #psychicreading #tarot #spiritual #divination #manifestation,https://github.com/michaeladane13-dotcom/aiviq-june-media/releases/download/june2026/chaya_143.mp4
2026-06-26 09:00,Your path is written in the stars. Book your reading today. Link in bio. #psychic #medium #tarotreading #spiritualawakening #spiritguides #psychicreading #tarot #spiritual #divination #manifestation,https://github.com/michaeladane13-dotcom/aiviq-june-media/releases/download/june2026/chaya_145.mp4
2026-06-26 18:00,Your path is written in the stars. Book your reading today. Link in bio. #psychic #medium #tarotreading #spiritualawakening #spiritguides #psychicreading #tarot #spiritual #divination #manifestation,https://github.com/michaeladane13-dotcom/aiviq-june-media/releases/download/june2026/chaya_147.mp4
2026-06-27 09:00,Your path is written in the stars. Book your reading today. Link in bio. #psychic #medium #tarotreading #spiritualawakening #spiritguides #psychicreading #tarot #spiritual #divination #manifestation,https://github.com/michaeladane13-dotcom/aiviq-june-media/releases/download/june2026/chaya_149.mp4
2026-06-27 18:00,Your path is written in the stars. Book your reading today. Link in bio. #psychic #medium #tarotreading #spiritualawakening #spiritguides #psychicreading #tarot #spiritual #divination #manifestation,https://github.com/michaeladane13-dotcom/aiviq-june-media/releases/download/june2026/chaya_150.mp4
2026-06-28 09:00,Your path is written in the stars. Book your reading today. Link in bio. #psychic #medium #tarotreading #spiritualawakening #spiritguides #psychicreading #tarot #spiritual #divination #manifestation,https://github.com/michaeladane13-dotcom/aiviq-june-media/releases/download/june2026/chaya_151.mp4
2026-06-28 18:00,Your path is written in the stars. Book your reading today. Link in bio. #psychic #medium #tarotreading #spiritualawakening #spiritguides #psychicreading #tarot #spiritual #divination #manifestation,https://github.com/michaeladane13-dotcom/aiviq-june-media/releases/download/june2026/chaya_152.mp4
2026-06-29 09:00,Your path is written in the stars. Book your reading today. Link in bio. #psychic #medium #tarotreading #spiritualawakening #spiritguides #psychicreading #tarot #spiritual #divination #manifestation,https://github.com/michaeladane13-dotcom/aiviq-june-media/releases/download/june2026/chaya_153.mp4
2026-06-29 18:00,Your path is written in the stars. Book your reading today. Link in bio. #psychic #medium #tarotreading #spiritualawakening #spiritguides #psychicreading #tarot #spiritual #divination #manifestation,https://github.com/michaeladane13-dotcom/aiviq-june-media/releases/download/june2026/chaya_154.mp4
2026-06-30 09:00,Your path is written in the stars. Book your reading today. Link in bio. #psychic #medium #tarotreading #spiritualawakening #spiritguides #psychicreading #tarot #spiritual #divination #manifestation,https://github.com/michaeladane13-dotcom/aiviq-june-media/releases/download/june2026/chaya_155.mp4
